/wiki/A_Universe_from_Nothing,A Universe from Nothing
/wiki/Black_hole_thermodynamics#Beyond_black_holes,Beyond black holes
/wiki/Cosmogony,Cosmogony
/wiki/Hugh_Everett_III,Hugh Everett III
/wiki/The_Fabric_of_Reality,The Fabric of Reality
/wiki/Impossible_world,Impossible world
/wiki/Laura_Mersini-Houghton,Laura Mersini-Houghton
/wiki/Copenhagen_interpretation,Copenhagen interpretation
/wiki/Many-worlds_interpretation,Many-worlds interpretation
/wiki/Holographic_principle,Holographic principle
/wiki/Modal_realism,Modal realism
/wiki/Multiverse_(religion),Multiverse (religion)
/wiki/Template:Nature_timeline,Nature timeline
/wiki/Parallel_universes_in_fiction,Parallel universes in fiction
/wiki/Roger_Penrose,Roger Penrose
/wiki/Philosophy_of_physics,Philosophy of physics
/wiki/Philosophy_of_space_and_time,Philosophy of space and time
/wiki/Reductionism,Reductionism
/wiki/Martin_Rees,Martin Rees
/wiki/Simulated_reality,Simulated reality
/wiki/Ultimate_fate_of_the_universe,Ultimate fate of the universe
